Type,SKU,Name,Published,Is featured?,Visibility in catalog,Short description,Description,Tax status,In stock?,Stock,Regular price,Categories,Images
simple,OG-7108,Compare,1,0,visible,High quality Compare from OG Audio.,High quality Compare from OG Audio.,taxable,1,100,0.00,Car Audio > Amplifiers,https://og-audio.com/themes/PRS02043/assets/img/megnor/empty-cart.svg
simple,OG-3697,Continue shopping,1,0,visible,High quality Continue shopping from OG Audio.,High quality Continue shopping from OG Audio.,taxable,1,100,0.00,Car Audio > Amplifiers,https://og-audio.com/themes/PRS02043/assets/img/megnor/empty-cart.svg
simple,OG-8062,Continue shopping,1,0,visible,High quality Continue shopping from OG Audio.,High quality Continue shopping from OG Audio.,taxable,1,100,0.00,Car Audio > Amplifiers,https://og-audio.com/themes/PRS02043/assets/img/megnor/empty-cart.svg
simple,OG-9061,Continue shopping,1,0,visible,High quality Continue shopping from OG Audio.,High quality Continue shopping from OG Audio.,taxable,1,100,0.00,Car Audio > Amplifiers,https://og-audio.com/themes/PRS02043/assets/img/megnor/empty-cart.svg
simple,OG-4478,Continue shopping,1,0,visible,High quality Continue shopping from OG Audio.,High quality Continue shopping from OG Audio.,taxable,1,100,0.00,Car Audio > Amplifiers,https://og-audio.com/themes/PRS02043/assets/img/megnor/empty-cart.svg
simple,OG-6973,Continue shopping,1,0,visible,High quality Continue shopping from OG Audio.,High quality Continue shopping from OG Audio.,taxable,1,100,0.00,Car Audio > Amplifiers,https://og-audio.com/themes/PRS02043/assets/img/megnor/empty-cart.svg
simple,OG-1690,Continue shopping,1,0,visible,High quality Continue shopping from OG Audio.,High quality Continue shopping from OG Audio.,taxable,1,100,0.00,Car Audio > Amplifiers,https://og-audio.com/themes/PRS02043/assets/img/megnor/empty-cart.svg
simple,OG-8289,SHOP NOW,1,0,visible,High quality SHOP NOW from OG Audio.,High quality SHOP NOW from OG Audio.,taxable,1,100,0.00,Car Audio > Amplifiers,https://og-audio.com/img/cms/speakers.png
simple,OG-9946,SHOP NOW,1,0,visible,High quality SHOP NOW from OG Audio.,High quality SHOP NOW from OG Audio.,taxable,1,100,0.00,Car Audio > Amplifiers,https://og-audio.com/img/cms/speakers.png
simple,OG-9928,SHOP NOW,1,0,visible,High quality SHOP NOW from OG Audio.,High quality SHOP NOW from OG Audio.,taxable,1,100,0.00,Car Audio > Amplifiers,https://og-audio.com/img/cms/speakers.png
